04:54:23.343966759,-6.5217390
04:54:23.344279259,-5.6521740
04:54:23.344591759,-6.5217390
04:54:23.344904259,-6.0869560
04:54:23.345216759,-5.2173915
04:54:23.345529259,-5.2173915
04:54:23.345841759,-5.2173915
04:54:23.346154259,-3.9130435
04:54:23.346466759,-3.4782608
04:54:23.346779259,-5.2173915
04:54:23.347091759,-3.9130435
04:54:23.347404259,-3.4782608
04:54:23.347716759,-4.3478260
04:54:23.348029259,-2.1739130
04:54:23.348341759,-3.0434780
04:54:23.348654259,-2.1739130
04:54:23.348966759,-1.7391304
04:54:23.349279259,0.0000000
04:54:23.349591759,0.4347826
04:54:23.349904259,0.8695652
04:54:23.350216759,1.3043479
04:54:23.350529259,1.7391304
04:54:23.350841759,2.6086957
04:54:23.351154259,3.0434780
04:54:23.351466759,1.7391304
04:54:23.351779259,3.0434780
04:54:23.352091759,3.4782608
04:54:23.352404259,3.4782608
04:54:23.352716759,4.7826085
04:54:23.353029259,3.4782608
04:54:23.353341759,4.7826085
04:54:23.353654259,6.5217390
04:54:23.353966759,6.0869560
04:54:23.354279259,5.2173915
04:54:23.354591759,4.7826085
04:54:23.354904259,6.0869560
04:54:23.355216759,5.2173915
04:54:23.355529259,5.6521740
04:54:23.355841759,3.0434780
04:54:23.356154259,3.9130435
04:54:23.356466759,3.9130435
04:54:23.356779259,3.9130435
04:54:23.357091759,3.9130435
04:54:23.357404259,3.0434780
04:54:23.357716759,3.4782608
04:54:23.358029259,1.7391304
04:54:23.358341759,1.3043479
04:54:23.358654259,0.8695652
04:54:23.358966759,1.3043479
04:54:23.359279259,-0.8695652
04:54:23.359591759,-1.3043479
04:54:23.359904259,-1.7391304
04:54:23.360216759,-1.3043479
04:54:23.360529259,-3.0434780
04:54:23.360841759,-3.4782608
04:54:23.361154259,-3.0434780
04:54:23.361466759,-3.0434780
04:54:23.361779259,-4.3478260
04:54:23.362091759,-5.6521740
04:54:23.362404259,-3.4782608
04:54:23.362716759,-5.2173915
04:54:23.363029259,-4.3478260
04:54:23.363341759,-6.5217390
04:54:23.363654259,-8.2608690
04:54:23.363966759,-6.0869560
04:54:23.364279259,-5.6521740
04:54:23.364591759,-6.9565215
04:54:23.364904259,-6.0869560
04:54:23.365216759,-6.0869560
04:54:23.365529259,-5.6521740
04:54:23.365841759,-5.6521740
04:54:23.366154259,-4.3478260
04:54:23.366466759,-3.4782608
04:54:23.366779259,-4.3478260
04:54:23.367091759,-5.6521740
04:54:23.367404259,-3.9130435
04:54:23.367716759,-3.0434780
04:54:23.368029259,-2.1739130
04:54:23.368341759,-3.0434780
04:54:23.368654259,-1.7391304
04:54:23.368966759,-0.8695652
04:54:23.369279259,0.4347826
04:54:23.369591759,0.0000000
04:54:23.369904259,0.0000000
04:54:23.370216759,1.3043479
04:54:23.370529259,1.7391304
04:54:23.370841759,0.8695652
04:54:23.371154259,1.7391304
04:54:23.371466759,3.9130435
04:54:23.371779259,3.4782608
04:54:23.372091759,3.0434780
04:54:23.372404259,3.0434780
04:54:23.372716759,5.6521740
04:54:23.373029259,3.9130435
04:54:23.373341759,4.7826085
04:54:23.373654259,6.5217390
04:54:23.373966759,7.3913045
04:54:23.374279259,3.9130435
04:54:23.374591759,3.9130435
04:54:23.374904259,5.6521740
04:54:23.375216759,5.6521740
04:54:23.375529259,4.7826085
04:54:23.375841759,2.6086957
04:54:23.376154259,3.4782608
04:54:23.376466759,4.7826085
04:54:23.376779259,3.9130435
04:54:23.377091759,2.6086957
04:54:23.377404259,3.0434780
04:54:23.377716759,3.4782608
04:54:23.378029259,1.7391304
04:54:23.378341759,1.7391304
04:54:23.378654259,0.8695652
04:54:23.378966759,1.3043479
04:54:23.379279259,-0.8695652
04:54:23.379591759,-1.3043479
04:54:23.379904259,-0.8695652
04:54:23.380216759,-1.3043479
04:54:23.380529259,-2.1739130
04:54:23.380841759,-2.1739130
04:54:23.381154259,-3.0434780
04:54:23.381466759,-3.0434780
04:54:23.381779259,-3.9130435
04:54:23.382091759,-5.2173915
04:54:23.382404259,-4.3478260
04:54:23.382716759,-4.3478260
04:54:23.383029259,-5.6521740
04:54:23.383341759,-6.0869560
04:54:23.383654259,-6.9565215
04:54:23.383966759,-6.9565215
04:54:23.384279259,-5.2173915
04:54:23.384591759,-5.2173915
04:54:23.384904259,-5.6521740
04:54:23.385216759,-6.0869560
04:54:23.385529259,-5.6521740
04:54:23.385841759,-3.9130435
04:54:23.386154259,-3.4782608
04:54:23.386466759,-4.3478260
04:54:23.386779259,-5.6521740
04:54:23.387091759,-3.4782608
04:54:23.387404259,-3.0434780
04:54:23.387716759,-3.9130435
04:54:23.388029259,-2.1739130
04:54:23.388341759,-1.7391304
04:54:23.388654259,-1.7391304
04:54:23.388966759,-0.8695652
04:54:23.389279259,0.4347826
04:54:23.389591759,0.4347826
04:54:23.389904259,1.3043479
04:54:23.390216759,1.3043479
04:54:23.390529259,1.7391304
04:54:23.390841759,1.7391304
04:54:23.391154259,1.7391304
04:54:23.391466759,3.4782608
04:54:23.391779259,3.4782608
04:54:23.392091759,3.4782608
04:54:23.392404259,2.6086957
04:54:23.392716759,3.9130435
04:54:23.393029259,3.9130435
04:54:23.393341759,3.9130435
04:54:23.393654259,5.6521740
04:54:23.393966759,6.0869560
04:54:23.394279259,4.7826085
04:54:23.394591759,5.2173915
04:54:23.394904259,5.6521740
04:54:23.395216759,4.7826085
04:54:23.395529259,5.2173915
04:54:23.395841759,4.7826085
04:54:23.396154259,3.0434780
04:54:23.396466759,5.2173915
04:54:23.396779259,5.2173915
04:54:23.397091759,3.0434780
04:54:23.397404259,3.0434780
04:54:23.397716759,3.0434780
04:54:23.398029259,1.7391304
04:54:23.398341759,1.3043479
04:54:23.398654259,0.4347826
04:54:23.398966759,0.4347826
04:54:23.399279259,-0.8695652
04:54:23.399591759,-0.8695652
04:54:23.399904259,-1.3043479
04:54:23.400216759,-1.7391304
04:54:23.400529259,-2.1739130
04:54:23.400841759,-3.4782608
04:54:23.401154259,-3.0434780
04:54:23.401466759,-3.4782608
04:54:23.401779259,-4.3478260
04:54:23.402091759,-3.9130435
04:54:23.402404259,-3.4782608
04:54:23.402716759,-5.6521740
04:54:23.403029259,-4.3478260
04:54:23.403341759,-5.6521740
04:54:23.403654259,-6.5217390
04:54:23.403966759,-6.5217390
04:54:23.404279259,-5.2173915
04:54:23.404591759,-5.6521740
04:54:23.404904259,-5.6521740
04:54:23.405216759,-5.6521740
04:54:23.405529259,-5.2173915
04:54:23.405841759,-3.9130435
04:54:23.406154259,-3.9130435
04:54:23.406466759,-4.3478260
04:54:23.406779259,-5.2173915
04:54:23.407091759,-3.4782608
04:54:23.407404259,-2.1739130
04:54:23.407716759,-3.0434780
04:54:23.408029259,-2.1739130
04:54:23.408341759,-2.1739130
04:54:23.408654259,-0.8695652
04:54:23.408966759,-1.3043479
04:54:23.409279259,0.0000000
04:54:23.409591759,0.4347826
04:54:23.409904259,0.8695652
04:54:23.410216759,1.3043479
04:54:23.410529259,1.7391304
04:54:23.410841759,1.7391304
04:54:23.411154259,2.6086957
04:54:23.411466759,2.6086957
04:54:23.411779259,3.4782608
04:54:23.412091759,3.9130435
04:54:23.412404259,3.4782608
04:54:23.412716759,5.2173915
04:54:23.413029259,5.2173915
04:54:23.413341759,5.6521740
04:54:23.413654259,6.5217390
04:54:23.413966759,6.5217390
04:54:23.414279259,5.2173915
04:54:23.414591759,5.2173915
04:54:23.414904259,6.0869560
04:54:23.415216759,5.6521740
04:54:23.415529259,4.7826085
04:54:23.415841759,3.9130435
04:54:23.416154259,3.9130435
04:54:23.416466759,5.2173915
04:54:23.416779259,4.7826085
04:54:23.417091759,3.9130435
04:54:23.417404259,3.0434780
04:54:23.417716759,3.0434780
04:54:23.418029259,1.7391304
04:54:23.418341759,2.6086957
04:54:23.418654259,1.3043479
04:54:23.418966759,0.4347826
04:54:23.419279259,-1.3043479
04:54:23.419591759,-0.8695652
04:54:23.419904259,-0.8695652
04:54:23.420216759,-2.1739130
04:54:23.420529259,-2.1739130
04:54:23.420841759,-1.7391304
04:54:23.421154259,-2.1739130
04:54:23.421466759,-3.9130435
04:54:23.421779259,-3.9130435
04:54:23.422091759,-3.4782608
04:54:23.422404259,-3.9130435
04:54:23.422716759,-5.2173915
04:54:23.423029259,-5.2173915
04:54:23.423341759,-6.0869560
04:54:23.423654259,-7.8260870
04:54:23.423966759,-6.9565215
04:54:23.424279259,-5.6521740
04:54:23.424591759,-4.3478260
04:54:23.424904259,-6.5217390
04:54:23.425216759,-5.6521740
04:54:23.425529259,-3.4782608
04:54:23.425841759,-3.4782608
04:54:23.426154259,-3.9130435
04:54:23.426466759,-4.3478260
04:54:23.426779259,-4.3478260
04:54:23.427091759,-3.9130435
04:54:23.427404259,-3.0434780
04:54:23.427716759,-3.4782608
04:54:23.428029259,-1.3043479
04:54:23.428341759,-1.7391304
04:54:23.428654259,-2.1739130
04:54:23.428966759,-1.3043479
04:54:23.429279259,0.8695652
04:54:23.429591759,0.8695652
04:54:23.429904259,0.8695652
04:54:23.430216759,1.3043479
04:54:23.430529259,1.7391304
04:54:23.430841759,1.7391304
04:54:23.431154259,1.7391304
04:54:23.431466759,3.4782608
04:54:23.431779259,3.4782608
04:54:23.432091759,3.0434780
04:54:23.432404259,3.4782608
04:54:23.432716759,5.2173915
04:54:23.433029259,3.9130435
04:54:23.433341759,4.7826085
04:54:23.433654259,7.3913045
04:54:23.433966759,5.6521740
04:54:23.434279259,3.9130435
04:54:23.434591759,3.9130435
04:54:23.434904259,6.0869560
04:54:23.435216759,6.0869560
04:54:23.435529259,3.9130435
04:54:23.435841759,2.6086957
04:54:23.436154259,3.0434780
04:54:23.436466759,5.2173915
04:54:23.436779259,3.9130435
04:54:23.437091759,2.6086957
04:54:23.437404259,3.4782608
04:54:23.437716759,3.9130435
04:54:23.438029259,2.6086957
04:54:23.438341759,1.3043479
04:54:23.438654259,0.8695652
04:54:23.438966759,1.3043479
04:54:23.439279259,0.0000000
04:54:23.439591759,-1.3043479
04:54:23.439904259,-1.3043479
04:54:23.440216759,-0.8695652
04:54:23.440529259,-2.1739130
04:54:23.440841759,-3.0434780
04:54:23.441154259,-3.0434780
04:54:23.441466759,-3.0434780
04:54:23.441779259,-3.4782608
04:54:23.442091759,-3.9130435
04:54:23.442404259,-4.3478260
04:54:23.442716759,-4.3478260
04:54:23.443029259,-5.2173915
04:54:23.443341759,-6.0869560
04:54:23.443654259,-7.8260870
04:54:23.443966759,-5.6521740
04:54:23.444279259,-3.9130435
04:54:23.444591759,-5.6521740
04:54:23.444904259,-6.9565215
04:54:23.445216759,-5.2173915
04:54:23.445529259,-3.9130435
04:54:23.445841759,-3.9130435
04:54:23.446154259,-3.4782608
04:54:23.446466759,-3.4782608
04:54:23.446779259,-4.3478260
04:54:23.447091759,-3.4782608
04:54:23.447404259,-2.1739130
04:54:23.447716759,-3.0434780
04:54:23.448029259,-1.7391304
04:54:23.448341759,-1.7391304
04:54:23.448654259,-1.3043479
04:54:23.448966759,-1.3043479
04:54:23.449279259,0.0000000
04:54:23.449591759,0.8695652
04:54:23.449904259,1.3043479
04:54:23.450216759,0.4347826
04:54:23.450529259,1.7391304
04:54:23.450841759,3.0434780
04:54:23.451154259,1.3043479
04:54:23.451466759,3.0434780
04:54:23.451779259,3.4782608
04:54:23.452091759,3.9130435
04:54:23.452404259,3.4782608
04:54:23.452716759,3.9130435
04:54:23.453029259,4.7826085
04:54:23.453341759,5.2173915
04:54:23.453654259,6.0869560
04:54:23.453966759,6.5217390
04:54:23.454279259,5.2173915
04:54:23.454591759,5.2173915
04:54:23.454904259,6.5217390
04:54:23.455216759,6.0869560
04:54:23.455529259,3.9130435
04:54:23.455841759,3.0434780
04:54:23.456154259,3.9130435
04:54:23.456466759,4.7826085
04:54:23.456779259,3.4782608
04:54:23.457091759,3.0434780
04:54:23.457404259,3.0434780
04:54:23.457716759,2.6086957
04:54:23.458029259,0.8695652
04:54:23.458341759,1.7391304
04:54:23.458654259,1.3043479
04:54:23.458966759,0.4347826
04:54:23.459279259,-0.8695652
04:54:23.459591759,0.0000000
04:54:23.459904259,-0.8695652
04:54:23.460216759,-1.3043479
04:54:23.460529259,-1.7391304
04:54:23.460841759,-1.7391304
04:54:23.461154259,-3.4782608
04:54:23.461466759,-3.4782608
04:54:23.461779259,-3.4782608
04:54:23.462091759,-2.1739130
04:54:23.462404259,-3.9130435
04:54:23.462716759,-6.0869560
04:54:23.463029259,-4.3478260
04:54:23.463341759,-6.0869560
04:54:23.463654259,-6.9565215
04:54:23.463966759,-6.0869560
04:54:23.464279259,-5.2173915
04:54:23.464591759,-5.2173915
04:54:23.464904259,-6.0869560
04:54:23.465216759,-6.0869560
04:54:23.465529259,-5.2173915
04:54:23.465841759,-4.3478260
04:54:23.466154259,-3.9130435
04:54:23.466466759,-5.2173915
04:54:23.466779259,-5.6521740
04:54:23.467091759,-4.3478260
04:54:23.467404259,-2.1739130
04:54:23.467716759,-3.0434780
04:54:23.468029259,-2.1739130
04:54:23.468341759,-2.1739130
04:54:23.468654259,-1.3043479
04:54:23.468966759,-1.3043479
04:54:23.469279259,0.0000000
04:54:23.469591759,0.8695652
04:54:23.469904259,1.3043479
04:54:23.470216759,1.3043479
04:54:23.470529259,1.3043479
04:54:23.470841759,1.3043479
04:54:23.471154259,2.6086957
04:54:23.471466759,3.0434780
04:54:23.471779259,3.4782608
04:54:23.472091759,3.0434780
04:54:23.472404259,3.4782608
04:54:23.472716759,3.4782608
04:54:23.473029259,3.4782608
04:54:23.473341759,4.7826085
04:54:23.473654259,6.0869560
04:54:23.473966759,5.2173915
04:54:23.474279259,4.7826085
04:54:23.474591759,5.6521740
04:54:23.474904259,4.7826085
04:54:23.475216759,5.2173915
04:54:23.475529259,3.9130435
04:54:23.475841759,3.0434780
04:54:23.476154259,3.0434780
04:54:23.476466759,4.7826085
04:54:23.476779259,4.7826085
04:54:23.477091759,2.6086957
04:54:23.477404259,2.6086957
04:54:23.477716759,3.0434780
04:54:23.478029259,1.7391304
04:54:23.478341759,0.8695652
04:54:23.478654259,1.3043479
04:54:23.478966759,0.4347826
04:54:23.479279259,-0.8695652
04:54:23.479591759,-1.3043479
04:54:23.479904259,-1.3043479
04:54:23.480216759,-1.7391304
04:54:23.480529259,-2.1739130
04:54:23.480841759,-3.4782608
04:54:23.481154259,-2.1739130
04:54:23.481466759,-3.0434780
04:54:23.481779259,-4.3478260
04:54:23.482091759,-3.9130435
04:54:23.482404259,-4.3478260
04:54:23.482716759,-5.2173915
04:54:23.483029259,-5.2173915
04:54:23.483341759,-6.5217390
04:54:23.483654259,-6.5217390
04:54:23.483966759,-6.5217390
04:54:23.484279259,-4.3478260
04:54:23.484591759,-5.6521740
04:54:23.484904259,-6.5217390
04:54:23.485216759,-5.2173915
04:54:23.485529259,-4.3478260
04:54:23.485841759,-5.2173915
04:54:23.486154259,-5.2173915
04:54:23.486466759,-3.9130435
04:54:23.486779259,-3.9130435
04:54:23.487091759,-4.3478260
04:54:23.487404259,-3.0434780
04:54:23.487716759,-3.0434780
04:54:23.488029259,-2.1739130
04:54:23.488341759,-1.7391304
04:54:23.488654259,-1.3043479
04:54:23.488966759,-1.3043479
04:54:23.489279259,0.0000000
04:54:23.489591759,1.3043479
04:54:23.489904259,0.8695652
04:54:23.490216759,0.4347826
04:54:23.490529259,2.6086957
04:54:23.490841759,1.7391304
04:54:23.491154259,1.7391304
04:54:23.491466759,4.7826085
04:54:23.491779259,4.7826085
04:54:23.492091759,3.0434780
04:54:23.492404259,3.0434780
04:54:23.492716759,5.2173915
04:54:23.493029259,3.9130435
04:54:23.493341759,5.6521740
04:54:23.493654259,5.6521740
04:54:23.493966759,5.2173915
04:54:23.494279259,5.2173915
04:54:23.494591759,5.2173915
04:54:23.494904259,5.6521740
04:54:23.495216759,5.6521740
04:54:23.495529259,3.9130435
04:54:23.495841759,3.9130435
04:54:23.496154259,3.9130435
04:54:23.496466759,4.7826085
04:54:23.496779259,5.2173915
04:54:23.497091759,4.7826085
04:54:23.497404259,3.0434780
04:54:23.497716759,3.0434780
04:54:23.498029259,2.6086957
04:54:23.498341759,1.3043479
04:54:23.498654259,0.8695652
04:54:23.498966759,0.8695652
04:54:23.499279259,0.4347826
04:54:23.499591759,0.0000000
04:54:23.499904259,-1.7391304
04:54:23.500216759,-1.7391304
04:54:23.500529259,-1.7391304
04:54:23.500841759,-1.7391304
04:54:23.501154259,-3.4782608
04:54:23.501466759,-3.4782608
04:54:23.501779259,-3.4782608
04:54:23.502091759,-3.9130435
04:54:23.502404259,-3.9130435
04:54:23.502716759,-5.2173915
04:54:23.503029259,-5.2173915
04:54:23.503341759,-6.0869560
04:54:23.503654259,-6.9565215
04:54:23.503966759,-6.0869560
04:54:23.504279259,-3.9130435
04:54:23.504591759,-6.0869560
04:54:23.504904259,-6.5217390
04:54:23.505216759,-5.2173915
04:54:23.505529259,-5.2173915
04:54:23.505841759,-3.9130435
04:54:23.506154259,-3.4782608
04:54:23.506466759,-5.2173915
04:54:23.506779259,-5.2173915
04:54:23.507091759,-3.9130435
04:54:23.507404259,-3.9130435
04:54:23.507716759,-3.0434780
04:54:23.508029259,-2.1739130
04:54:23.508341759,-3.0434780
04:54:23.508654259,-1.7391304
04:54:23.508966759,-0.8695652
04:54:23.509279259,0.4347826
04:54:23.509591759,0.4347826
04:54:23.509904259,1.3043479
04:54:23.510216759,1.3043479
04:54:23.510529259,1.7391304
04:54:23.510841759,3.0434780
04:54:23.511154259,3.4782608
04:54:23.511466759,2.6086957
04:54:23.511779259,3.9130435
04:54:23.512091759,3.9130435
04:54:23.512404259,3.9130435
04:54:23.512716759,4.7826085
04:54:23.513029259,3.9130435
04:54:23.513341759,6.5217390
04:54:23.513654259,5.6521740
04:54:23.513966759,6.0869560
04:54:23.514279259,6.0869560
04:54:23.514591759,5.6521740
04:54:23.514904259,5.6521740
04:54:23.515216759,5.6521740
04:54:23.515529259,5.2173915
04:54:23.515841759,3.4782608
04:54:23.516154259,3.0434780
04:54:23.516466759,3.9130435
04:54:23.516779259,4.7826085
04:54:23.517091759,3.0434780
04:54:23.517404259,2.6086957
04:54:23.517716759,3.0434780
04:54:23.518029259,0.8695652
04:54:23.518341759,0.4347826
04:54:23.518654259,0.8695652
04:54:23.518966759,0.8695652
04:54:23.519279259,0.4347826
04:54:23.519591759,-0.8695652
04:54:23.519904259,-1.7391304
04:54:23.520216759,-1.3043479
04:54:23.520529259,-2.1739130
04:54:23.520841759,-2.1739130
04:54:23.521154259,-3.0434780
04:54:23.521466759,-5.2173915
04:54:23.521779259,-4.3478260
04:54:23.522091759,-3.4782608
04:54:23.522404259,-4.3478260
04:54:23.522716759,-5.2173915
04:54:23.523029259,-5.2173915
04:54:23.523341759,-6.5217390
04:54:23.523654259,-7.8260870
04:54:23.523966759,-5.2173915
04:54:23.524279259,-5.2173915
04:54:23.524591759,-6.0869560
04:54:23.524904259,-5.6521740
04:54:23.525216759,-5.2173915
04:54:23.525529259,-5.2173915
04:54:23.525841759,-3.4782608
04:54:23.526154259,-3.9130435
04:54:23.526466759,-5.6521740
04:54:23.526779259,-5.2173915
04:54:23.527091759,-3.0434780
04:54:23.527404259,-3.4782608
04:54:23.527716759,-3.0434780
04:54:23.528029259,-2.1739130
04:54:23.528341759,-1.7391304
04:54:23.528654259,-0.8695652
04:54:23.528966759,-0.8695652
04:54:23.529279259,0.4347826
04:54:23.529591759,1.7391304
04:54:23.529904259,0.8695652
04:54:23.530216759,1.7391304
04:54:23.530529259,2.6086957
04:54:23.530841759,2.6086957
04:54:23.531154259,3.0434780
04:54:23.531466759,2.6086957
04:54:23.531779259,3.9130435
04:54:23.532091759,3.9130435
04:54:23.532404259,3.9130435
04:54:23.532716759,4.7826085
04:54:23.533029259,5.2173915
04:54:23.533341759,6.0869560
04:54:23.533654259,7.3913045
04:54:23.533966759,5.6521740
04:54:23.534279259,4.7826085
04:54:23.534591759,4.7826085
04:54:23.534904259,6.0869560
04:54:23.535216759,4.7826085
04:54:23.535529259,3.9130435
04:54:23.535841759,3.9130435
04:54:23.536154259,3.4782608
04:54:23.536466759,4.7826085
04:54:23.536779259,4.7826085
04:54:23.537091759,2.6086957
04:54:23.537404259,3.0434780
04:54:23.537716759,2.6086957
04:54:23.538029259,0.8695652
04:54:23.538341759,1.3043479
04:54:23.538654259,1.7391304
04:54:23.538966759,0.4347826
04:54:23.539279259,-0.8695652
04:54:23.539591759,0.0000000
04:54:23.539904259,-1.7391304
04:54:23.540216759,-1.3043479
04:54:23.540529259,-1.7391304
04:54:23.540841759,-2.1739130
04:54:23.541154259,-2.1739130
04:54:23.541466759,-3.0434780
04:54:23.541779259,-3.9130435
04:54:23.542091759,-4.3478260
04:54:23.542404259,-3.9130435
04:54:23.542716759,-4.3478260
04:54:23.543029259,-5.2173915
04:54:23.543341759,-5.2173915
04:54:23.543654259,-3.4782608
04:54:23.543966759,-444.3478000
04:54:23.544279259,-269.5652200
04:54:23.544591759,-179.1304300
04:54:23.544904259,-131.3043500
04:54:23.545216759,-86.9565200
04:54:23.545529259,-56.0869520
04:54:23.545841759,-29.1304340
04:54:23.546154259,-15.2173910
04:54:23.546466759,-1.7391304
04:54:23.546779259,-524.7826000
04:54:23.547091759,-525.2174000
04:54:23.547404259,-1070.4348000
04:54:23.547716759,-1066.9564000
04:54:23.548029259,-524.7826000
04:54:23.548341759,-1069.5652000
04:54:23.548654259,-659.1304300
04:54:23.548966759,-660.4347500
04:54:23.549279259,-696.0869000
04:54:23.549591759,-696.9565400
04:54:23.549904259,-696.9565400
04:54:23.550216759,-729.5652000
04:54:23.550529259,-727.8261000
04:54:23.550841759,-186.0869600
04:54:23.551154259,-150.8695700
04:54:23.551466759,-729.1304300
04:54:23.551779259,-728.6956000
04:54:23.552091759,-728.6956000
04:54:23.552404259,-727.3913000
04:54:23.552716759,-727.8261000
04:54:23.553029259,-727.3913000
04:54:23.553341759,-728.6956000
04:54:23.553654259,-727.3913000
04:54:23.553966759,-730.0000000
04:54:23.554279259,-729.5652000
04:54:23.554591759,-727.3913000
04:54:23.554904259,-730.0000000
04:54:23.555216759,-730.4347500
04:54:23.555529259,-730.0000000
04:54:23.555841759,-727.8261000
04:54:23.556154259,-696.0869000
04:54:23.556466759,-695.6521600
04:54:23.556779259,-693.9130000
04:54:23.557091759,-693.9130000
04:54:23.557404259,-696.9565400
04:54:23.557716759,-696.9565400
04:54:23.558029259,-693.9130000
04:54:23.558341759,-694.3478000
04:54:23.558654259,-696.9565400
04:54:23.558966759,-695.6521600
04:54:23.559279259,-1068.2609000
04:54:23.559591759,97.3913000
04:54:23.559904259,61.7391320
04:54:23.560216759,27.3913040
04:54:23.560529259,10.4347830
04:54:23.560841759,7.8260870
04:54:23.561154259,3.9130435
04:54:23.561466759,2.6086957
04:54:23.561779259,-1.3043479
04:54:23.562091759,-0.8695652
04:54:23.562404259,-1.7391304
04:54:23.562716759,-3.0434780
04:54:23.563029259,-2.1739130
04:54:23.563341759,-3.9130435
04:54:23.563654259,-6.0869560
04:54:23.563966759,-3.9130435
04:54:23.564279259,-3.4782608
04:54:23.564591759,-4.3478260
04:54:23.564904259,-4.3478260
04:54:23.565216759,-3.4782608
04:54:23.565529259,-3.9130435
04:54:23.565841759,-2.1739130
04:54:23.566154259,-3.0434780
04:54:23.566466759,-3.9130435
04:54:23.566779259,-4.3478260
04:54:23.567091759,-3.0434780
04:54:23.567404259,-1.7391304
04:54:23.567716759,-3.0434780
04:54:23.568029259,-1.7391304
04:54:23.568341759,-1.7391304
04:54:23.568654259,-1.3043479
04:54:23.568966759,-0.8695652
04:54:23.569279259,0.8695652
04:54:23.569591759,1.3043479
04:54:23.569904259,1.3043479
04:54:23.570216759,1.3043479
04:54:23.570529259,2.6086957
04:54:23.570841759,2.6086957
04:54:23.571154259,2.6086957
04:54:23.571466759,2.6086957
04:54:23.571779259,3.4782608
04:54:23.572091759,3.4782608
04:54:23.572404259,3.4782608
04:54:23.572716759,4.7826085
04:54:23.573029259,3.9130435
04:54:23.573341759,5.6521740
04:54:23.573654259,6.5217390
04:54:23.573966759,4.7826085
04:54:23.574279259,4.7826085
04:54:23.574591759,5.6521740
04:54:23.574904259,3.9130435
04:54:23.575216759,3.9130435
04:54:23.575529259,3.9130435
04:54:23.575841759,1.7391304
04:54:23.576154259,2.6086957
04:54:23.576466759,3.0434780
04:54:23.576779259,3.4782608
04:54:23.577091759,0.8695652
04:54:23.577404259,1.7391304
04:54:23.577716759,1.3043479
04:54:23.578029259,0.4347826
04:54:23.578341759,0.4347826
04:54:23.578654259,-0.8695652
04:54:23.578966759,0.0000000
04:54:23.579279259,-1.3043479
04:54:23.579591759,-3.0434780
04:54:23.579904259,-3.0434780
04:54:23.580216759,-1.7391304
04:54:23.580529259,-4.3478260
04:54:23.580841759,-3.9130435
04:54:23.581154259,-5.2173915
04:54:23.581466759,-5.2173915
04:54:23.581779259,-5.6521740
04:54:23.582091759,-5.2173915
04:54:23.582404259,-6.0869560
04:54:23.582716759,-6.5217390
04:54:23.583029259,-6.5217390
04:54:23.583341759,-8.2608690
04:54:23.583654259,-8.6956520
04:54:23.583966759,-8.6956520
04:54:23.584279259,-6.9565215
04:54:23.584591759,-8.2608690
04:54:23.584904259,-8.6956520
04:54:23.585216759,-6.9565215
04:54:23.585529259,-7.8260870
04:54:23.585841759,-6.5217390
04:54:23.586154259,-6.0869560
04:54:23.586466759,-6.9565215
04:54:23.586779259,-6.9565215
04:54:23.587091759,-5.2173915
04:54:23.587404259,-5.6521740
04:54:23.587716759,-5.6521740
04:54:23.588029259,-3.4782608
04:54:23.588341759,-3.9130435
04:54:23.588654259,-3.9130435
04:54:23.588966759,-3.0434780
04:54:23.589279259,-1.3043479
04:54:23.589591759,0.0000000
04:54:23.589904259,-1.7391304
04:54:23.590216759,-1.3043479
04:54:23.590529259,0.0000000
04:54:23.590841759,1.3043479
04:54:23.591154259,0.4347826
04:54:23.591466759,0.4347826
04:54:23.591779259,2.6086957
04:54:23.592091759,2.6086957
04:54:23.592404259,0.8695652
04:54:23.592716759,2.6086957
04:54:23.593029259,2.6086957
04:54:23.593341759,4.7826085
04:54:23.593654259,3.9130435
04:54:23.593966759,2.6086957
04:54:23.594279259,3.0434780
04:54:23.594591759,3.9130435
04:54:23.594904259,2.6086957
04:54:23.595216759,2.6086957
04:54:23.595529259,1.3043479
04:54:23.595841759,0.4347826
04:54:23.596154259,1.3043479
04:54:23.596466759,1.7391304
04:54:23.596779259,1.3043479
04:54:23.597091759,0.8695652
04:54:23.597404259,0.8695652
04:54:23.597716759,0.4347826
04:54:23.598029259,-0.8695652
04:54:23.598341759,0.0000000
04:54:23.598654259,-0.8695652
04:54:23.598966759,-3.0434780
04:54:23.599279259,-3.0434780
04:54:23.599591759,-2.1739130
04:54:23.599904259,-3.4782608
04:54:23.600216759,-3.9130435
04:54:23.600529259,-4.3478260
04:54:23.600841759,-4.3478260
04:54:23.601154259,-5.2173915
04:54:23.601466759,-6.0869560
04:54:23.601779259,-6.9565215
04:54:23.602091759,-6.5217390
04:54:23.602404259,-6.9565215
04:54:23.602716759,-7.8260870
04:54:23.603029259,-6.9565215
04:54:23.603341759,-10.0000000
04:54:23.603654259,-9.1304350
04:54:23.603966759,-8.2608690
04:54:23.604279259,-8.2608690
04:54:23.604591759,-8.2608690
04:54:23.604904259,-6.9565215
04:54:23.605216759,-7.8260870
04:54:23.605529259,-6.9565215
04:54:23.605841759,-6.0869560
04:54:23.606154259,-4.3478260
04:54:23.606466759,-6.5217390
04:54:23.606779259,-7.8260870
04:54:23.607091759,-4.3478260
04:54:23.607404259,-3.9130435
04:54:23.607716759,-6.0869560
04:54:23.608029259,-4.3478260
04:54:23.608341759,-4.3478260
04:54:23.608654259,-3.0434780
04:54:23.608966759,-2.1739130
04:54:23.609279259,-2.1739130
04:54:23.609591759,-1.3043479
04:54:23.609904259,-0.8695652
04:54:23.610216759,-1.3043479
04:54:23.610529259,0.0000000
04:54:23.610841759,0.4347826
04:54:23.611154259,0.4347826
04:54:23.611466759,0.4347826
04:54:23.611779259,2.6086957
04:54:23.612091759,0.8695652
04:54:23.612404259,1.3043479
04:54:23.612716759,2.6086957
04:54:23.613029259,2.6086957
04:54:23.613341759,3.9130435
04:54:23.613654259,3.9130435
04:54:23.613966759,3.4782608
04:54:23.614279259,2.6086957
04:54:23.614591759,3.0434780
04:54:23.614904259,2.6086957
04:54:23.615216759,1.3043479
04:54:23.615529259,2.6086957
04:54:23.615841759,1.3043479
04:54:23.616154259,0.8695652
04:54:23.616466759,2.6086957
04:54:23.616779259,3.0434780
04:54:23.617091759,0.8695652
04:54:23.617404259,0.4347826
04:54:23.617716759,0.0000000
04:54:23.618029259,0.0000000
04:54:23.618341759,-0.8695652
04:54:23.618654259,-1.7391304
04:54:23.618966759,-2.1739130
04:54:23.619279259,-3.4782608
04:54:23.619591759,-3.4782608
04:54:23.619904259,-3.4782608
04:54:23.620216759,-4.3478260
04:54:23.620529259,-5.2173915
04:54:23.620841759,-4.3478260
04:54:23.621154259,-5.6521740
04:54:23.621466759,-6.0869560
04:54:23.621779259,-6.5217390
04:54:23.622091759,-6.0869560
04:54:23.622404259,-6.5217390
04:54:23.622716759,-6.5217390
04:54:23.623029259,-6.9565215
04:54:23.623341759,-9.1304350
04:54:23.623654259,-9.1304350
04:54:23.623966759,-6.5217390
04:54:23.624279259,-6.5217390
04:54:23.624591759,-9.1304350
04:54:23.624904259,-7.8260870
04:54:23.625216759,-6.9565215
04:54:23.625529259,-6.0869560
04:54:23.625841759,-6.5217390
04:54:23.626154259,-6.0869560
04:54:23.626466759,-6.5217390
04:54:23.626779259,-6.9565215
04:54:23.627091759,-6.0869560
04:54:23.627404259,-6.0869560
04:54:23.627716759,-5.2173915
04:54:23.628029259,-4.3478260
04:54:23.628341759,-5.2173915
04:54:23.628654259,-4.3478260
04:54:23.628966759,-2.1739130
04:54:23.629279259,-1.7391304
04:54:23.629591759,-2.1739130
04:54:23.629904259,-1.7391304
04:54:23.630216759,-0.8695652
04:54:23.630529259,0.4347826
04:54:23.630841759,0.0000000
04:54:23.631154259,0.4347826
04:54:23.631466759,0.4347826
04:54:23.631779259,1.3043479
04:54:23.632091759,2.6086957
04:54:23.632404259,1.3043479
04:54:23.632716759,3.0434780
04:54:23.633029259,3.0434780
04:54:23.633341759,5.2173915
04:54:23.633654259,4.7826085
04:54:23.633966759,3.4782608
04:54:23.634279259,3.9130435
04:54:23.634591759,3.4782608
04:54:23.634904259,3.0434780
04:54:23.635216759,3.0434780
04:54:23.635529259,2.6086957
04:54:23.635841759,0.8695652
04:54:23.636154259,1.7391304
04:54:23.636466759,1.7391304
04:54:23.636779259,1.3043479
04:54:23.637091759,0.0000000
04:54:23.637404259,0.0000000
04:54:23.637716759,0.8695652
04:54:23.638029259,0.0000000
04:54:23.638341759,-1.3043479
04:54:23.638654259,-0.8695652
04:54:23.638966759,-1.3043479
04:54:23.639279259,-2.1739130
04:54:23.639591759,-3.4782608
04:54:23.639904259,-3.4782608
04:54:23.640216759,-3.4782608
04:54:23.640529259,-4.3478260
04:54:23.640841759,-4.3478260
04:54:23.641154259,-4.3478260
04:54:23.641466759,-6.5217390
04:54:23.641779259,-6.5217390
04:54:23.642091759,-5.2173915
04:54:23.642404259,-6.9565215
04:54:23.642716759,-6.9565215
04:54:23.643029259,-6.9565215
04:54:23.643341759,-8.2608690
04:54:23.643654259,-8.2608690
04:54:23.643966759,-7.8260870
04:54:23.644279259,-6.9565215
04:54:23.644591759,-7.8260870
04:54:23.644904259,-7.8260870
04:54:23.645216759,-6.5217390
04:54:23.645529259,-5.6521740
04:54:23.645841759,-5.2173915
04:54:23.646154259,-5.6521740
04:54:23.646466759,-5.6521740
04:54:23.646779259,-6.0869560
04:54:23.647091759,-4.3478260
04:54:23.647404259,-5.2173915
04:54:23.647716759,-5.6521740
04:54:23.648029259,-3.9130435
04:54:23.648341759,-3.4782608
04:54:23.648654259,-3.9130435
04:54:23.648966759,-3.4782608
04:54:23.649279259,-2.1739130
04:54:23.649591759,-0.8695652
04:54:23.649904259,0.0000000
04:54:23.650216759,-0.8695652
04:54:23.650529259,1.3043479
04:54:23.650841759,0.4347826
04:54:23.651154259,0.8695652
04:54:23.651466759,1.7391304
04:54:23.651779259,2.6086957
04:54:23.652091759,2.6086957
04:54:23.652404259,2.6086957
04:54:23.652716759,1.7391304
04:54:23.653029259,3.4782608
04:54:23.653341759,5.6521740
04:54:23.653654259,4.7826085
04:54:23.653966759,3.0434780
04:54:23.654279259,3.4782608
04:54:23.654591759,3.9130435
04:54:23.654904259,4.7826085
04:54:23.655216759,1.7391304
04:54:23.655529259,2.6086957
04:54:23.655841759,3.0434780
04:54:23.656154259,2.6086957
04:54:23.656466759,3.0434780
04:54:23.656779259,3.0434780
04:54:23.657091759,1.7391304
04:54:23.657404259,2.6086957
04:54:23.657716759,1.3043479
04:54:23.658029259,0.4347826
04:54:23.658341759,0.4347826
04:54:23.658654259,0.0000000
04:54:23.658966759,-1.3043479
04:54:23.659279259,-1.7391304
04:54:23.659591759,-3.4782608
04:54:23.659904259,-3.0434780
04:54:23.660216759,-3.9130435
04:54:23.660529259,-5.6521740
04:54:23.660841759,-4.3478260
04:54:23.661154259,-3.9130435
04:54:23.661466759,-5.6521740
04:54:23.661779259,-6.5217390
04:54:23.662091759,-5.2173915
04:54:23.662404259,-5.6521740
04:54:23.662716759,-6.0869560
04:54:23.663029259,-6.9565215
04:54:23.663341759,-9.1304350
04:54:23.663654259,-8.6956520
04:54:23.663966759,-6.0869560
04:54:23.664279259,-6.9565215
04:54:23.664591759,-8.6956520
04:54:23.664904259,-7.8260870
04:54:23.665216759,-6.9565215
04:54:23.665529259,-6.0869560
04:54:23.665841759,-5.6521740
04:54:23.666154259,-5.2173915
04:54:23.666466759,-6.0869560
04:54:23.666779259,-5.6521740
04:54:23.667091759,-3.9130435
04:54:23.667404259,-5.6521740
04:54:23.667716759,-3.4782608
04:54:23.668029259,-4.3478260
04:54:23.668341759,-3.0434780
04:54:23.668654259,-3.0434780
04:54:23.668966759,-3.0434780
04:54:23.669279259,-1.7391304
04:54:23.669591759,0.0000000
04:54:23.669904259,-1.7391304
04:54:23.670216759,-0.8695652
04:54:23.670529259,0.8695652
04:54:23.670841759,0.4347826
04:54:23.671154259,1.3043479
04:54:23.671466759,2.6086957
04:54:23.671779259,2.6086957
04:54:23.672091759,0.8695652
04:54:23.672404259,1.7391304
04:54:23.672716759,2.6086957
04:54:23.673029259,3.4782608
04:54:23.673341759,5.2173915
04:54:23.673654259,4.7826085
04:54:23.673966759,3.9130435
04:54:23.674279259,3.4782608
04:54:23.674591759,3.4782608
04:54:23.674904259,3.9130435
04:54:23.675216759,3.4782608
04:54:23.675529259,3.0434780
04:54:23.675841759,2.6086957
04:54:23.676154259,1.7391304
04:54:23.676466759,2.6086957
04:54:23.676779259,2.6086957
04:54:23.677091759,1.7391304
04:54:23.677404259,0.8695652
04:54:23.677716759,0.4347826
04:54:23.678029259,0.0000000
04:54:23.678341759,0.0000000
04:54:23.678654259,0.0000000
04:54:23.678966759,-1.3043479
04:54:23.679279259,-2.1739130
04:54:23.679591759,-3.0434780
04:54:23.679904259,-3.0434780
04:54:23.680216759,-3.4782608
04:54:23.680529259,-4.3478260
04:54:23.680841759,-3.9130435
04:54:23.681154259,-5.6521740
04:54:23.681466759,-3.9130435
04:54:23.681779259,-6.0869560
04:54:23.682091759,-6.0869560
04:54:23.682404259,-6.0869560
04:54:23.682716759,-6.0869560
04:54:23.683029259,-6.5217390
04:54:23.683341759,-8.6956520
04:54:23.683654259,-7.8260870
04:54:23.683966759,-6.0869560
04:54:23.684279259,-6.5217390
04:54:23.684591759,-6.9565215
04:54:23.684904259,-6.5217390
04:54:23.685216759,-6.5217390
04:54:23.685529259,-6.5217390
04:54:23.685841759,-6.0869560
04:54:23.686154259,-5.2173915
04:54:23.686466759,-6.5217390
04:54:23.686779259,-6.9565215
04:54:23.687091759,-5.6521740
04:54:23.687404259,-4.3478260
04:54:23.687716759,-3.9130435
04:54:23.688029259,-3.4782608
04:54:23.688341759,-3.4782608
04:54:23.688654259,-3.0434780
04:54:23.688966759,-1.3043479
04:54:23.689279259,-0.8695652
04:54:23.689591759,-1.3043479
04:54:23.689904259,0.0000000
04:54:23.690216759,1.3043479
04:54:23.690529259,0.8695652
04:54:23.690841759,1.3043479
04:54:23.691154259,1.7391304
04:54:23.691466759,2.6086957
04:54:23.691779259,3.4782608
04:54:23.692091759,1.3043479
04:54:23.692404259,3.0434780
04:54:23.692716759,3.9130435
04:54:23.693029259,3.4782608
04:54:23.693341759,5.6521740
04:54:23.693654259,5.2173915
04:54:23.693966759,3.0434780
04:54:23.694279259,3.9130435
04:54:23.694591759,4.7826085
04:54:23.694904259,2.6086957
04:54:23.695216759,3.4782608
04:54:23.695529259,3.4782608
04:54:23.695841759,1.7391304
04:54:23.696154259,3.0434780
04:54:23.696466759,3.4782608
04:54:23.696779259,3.0434780
04:54:23.697091759,1.7391304
04:54:23.697404259,3.0434780
04:54:23.697716759,1.3043479
04:54:23.698029259,0.4347826
04:54:23.698341759,0.4347826
04:54:23.698654259,0.0000000
04:54:23.698966759,-0.8695652
04:54:23.699279259,-1.7391304
04:54:23.699591759,-1.7391304
04:54:23.699904259,-2.1739130
04:54:23.700216759,-2.1739130
04:54:23.700529259,-3.9130435
04:54:23.700841759,-3.4782608
04:54:23.701154259,-5.2173915
04:54:23.701466759,-5.6521740
04:54:23.701779259,-5.6521740
04:54:23.702091759,-4.3478260
04:54:23.702404259,-5.6521740
04:54:23.702716759,-6.5217390
04:54:23.703029259,-6.5217390
04:54:23.703341759,-7.8260870
04:54:23.703654259,-8.2608690
04:54:23.703966759,-6.5217390
04:54:23.704279259,-5.6521740
04:54:23.704591759,-6.5217390
04:54:23.704904259,-6.5217390
04:54:23.705216759,-6.5217390
04:54:23.705529259,-5.6521740
04:54:23.705841759,-4.3478260
04:54:23.706154259,-5.2173915
04:54:23.706466759,-5.6521740
04:54:23.706779259,-5.2173915
04:54:23.707091759,-4.3478260
04:54:23.707404259,-3.9130435
04:54:23.707716759,-3.4782608
04:54:23.708029259,-3.4782608
04:54:23.708341759,-3.0434780
04:54:23.708654259,-2.1739130
04:54:23.708966759,-1.3043479
04:54:23.709279259,-1.3043479
04:54:23.709591759,0.0000000
04:54:23.709904259,0.8695652
04:54:23.710216759,0.4347826
04:54:23.710529259,0.4347826
04:54:23.710841759,1.3043479
04:54:23.711154259,2.6086957
04:54:23.711466759,2.6086957
04:54:23.711779259,2.6086957
04:54:23.712091759,2.6086957
04:54:23.712404259,3.4782608
04:54:23.712716759,3.0434780
04:54:23.713029259,3.4782608
04:54:23.713341759,4.7826085
04:54:23.713654259,5.6521740
04:54:23.713966759,3.0434780
04:54:23.714279259,3.0434780
04:54:23.714591759,4.7826085
04:54:23.714904259,3.9130435
04:54:23.715216759,3.9130435
04:54:23.715529259,3.0434780
04:54:23.715841759,1.7391304
04:54:23.716154259,3.0434780
04:54:23.716466759,3.4782608
04:54:23.716779259,3.4782608
04:54:23.717091759,1.7391304
04:54:23.717404259,2.6086957
04:54:23.717716759,1.3043479
04:54:23.718029259,0.0000000
04:54:23.718341759,0.8695652
04:54:23.718654259,0.0000000
04:54:23.718966759,-1.7391304
04:54:23.719279259,-2.1739130
04:54:23.719591759,-2.1739130
04:54:23.719904259,-2.1739130
04:54:23.720216759,-3.0434780
04:54:23.720529259,-5.2173915
04:54:23.720841759,-3.0434780
04:54:23.721154259,-4.3478260
04:54:23.721466759,-5.6521740
04:54:23.721779259,-6.5217390
04:54:23.722091759,-5.2173915
04:54:23.722404259,-5.6521740
04:54:23.722716759,-5.6521740
04:54:23.723029259,-6.9565215
04:54:23.723341759,-8.6956520
04:54:23.723654259,-8.2608690
04:54:23.723966759,-6.0869560
04:54:23.724279259,-6.0869560
04:54:23.724591759,-6.5217390
04:54:23.724904259,-6.0869560
04:54:23.725216759,-5.6521740
04:54:23.725529259,-5.2173915
04:54:23.725841759,-5.2173915
04:54:23.726154259,-5.2173915
04:54:23.726466759,-6.0869560
04:54:23.726779259,-5.2173915
04:54:23.727091759,-4.3478260
04:54:23.727404259,-4.3478260
04:54:23.727716759,-3.4782608
04:54:23.728029259,-3.4782608
04:54:23.728341759,-3.0434780
04:54:23.728654259,-1.7391304
04:54:23.728966759,-1.3043479
04:54:23.729279259,-0.8695652
04:54:23.729591759,0.0000000
04:54:23.729904259,0.0000000
04:54:23.730216759,0.4347826
04:54:23.730529259,1.3043479
04:54:23.730841759,0.8695652
04:54:23.731154259,1.7391304
04:54:23.731466759,2.6086957
04:54:23.731779259,3.0434780
04:54:23.732091759,1.7391304
04:54:23.732404259,3.4782608
04:54:23.732716759,3.9130435
04:54:23.733029259,5.2173915
04:54:23.733341759,5.6521740
04:54:23.733654259,6.0869560
04:54:23.733966759,3.9130435
04:54:23.734279259,3.9130435
04:54:23.734591759,5.2173915
04:54:23.734904259,3.4782608
04:54:23.735216759,3.9130435
04:54:23.735529259,3.9130435
04:54:23.735841759,2.6086957
04:54:23.736154259,3.0434780
04:54:23.736466759,3.9130435
04:54:23.736779259,2.6086957
04:54:23.737091759,0.8695652
04:54:23.737404259,2.6086957
04:54:23.737716759,0.4347826
04:54:23.738029259,-0.8695652
04:54:23.738341759,-0.8695652
04:54:23.738654259,-0.8695652
04:54:23.738966759,-1.3043479
04:54:23.739279259,-2.1739130
04:54:23.739591759,-2.1739130
04:54:23.739904259,-1.7391304
04:54:23.740216759,-3.0434780
04:54:23.740529259,-3.4782608
04:54:23.740841759,-3.4782608
04:54:23.741154259,-5.2173915
04:54:23.741466759,-5.2173915
04:54:23.741779259,-6.0869560
04:54:23.742091759,-4.3478260
04:54:23.742404259,-5.6521740
04:54:23.742716759,-6.5217390
04:54:23.743029259,-6.0869560
04:54:23.743341759,-6.9565215
04:54:23.743654259,-7.8260870
04:54:23.743966759,-6.0869560
04:54:23.744279259,-6.0869560
04:54:23.744591759,-7.8260870
04:54:23.744904259,-6.5217390
04:54:23.745216759,-6.5217390
04:54:23.745529259,-6.5217390
04:54:23.745841759,-5.2173915
04:54:23.746154259,-6.0869560
04:54:23.746466759,-6.0869560
04:54:23.746779259,-5.2173915
04:54:23.747091759,-4.3478260
04:54:23.747404259,-3.9130435
04:54:23.747716759,-2.1739130
04:54:23.748029259,-2.1739130
04:54:23.748341759,-2.1739130
04:54:23.748654259,-1.7391304
04:54:23.748966759,0.0000000
04:54:23.749279259,0.8695652
04:54:23.749591759,-0.8695652
04:54:23.749904259,-0.8695652
04:54:23.750216759,1.7391304
04:54:23.750529259,2.6086957
04:54:23.750841759,0.8695652
04:54:23.751154259,1.7391304
04:54:23.751466759,3.0434780
04:54:23.751779259,3.4782608
04:54:23.752091759,2.6086957
04:54:23.752404259,3.0434780
04:54:23.752716759,3.9130435
04:54:23.753029259,3.9130435
04:54:23.753341759,5.2173915
04:54:23.753654259,5.2173915
04:54:23.753966759,3.4782608
04:54:23.754279259,4.7826085
04:54:23.754591759,5.2173915
04:54:23.754904259,3.9130435
04:54:23.755216759,4.7826085
04:54:23.755529259,3.4782608
04:54:23.755841759,3.0434780
04:54:23.756154259,3.0434780
04:54:23.756466759,4.7826085
04:54:23.756779259,1.7391304
04:54:23.757091759,1.3043479
04:54:23.757404259,3.4782608
04:54:23.757716759,0.8695652
04:54:23.758029259,0.8695652
04:54:23.758341759,0.4347826
04:54:23.758654259,0.0000000
04:54:23.758966759,-1.3043479
04:54:23.759279259,-1.7391304
04:54:23.759591759,-1.3043479
04:54:23.759904259,-2.1739130
04:54:23.760216759,-3.0434780
04:54:23.760529259,-3.0434780
04:54:23.760841759,-3.0434780
04:54:23.761154259,-3.9130435
04:54:23.761466759,-4.3478260
04:54:23.761779259,-3.9130435
04:54:23.762091759,-3.4782608
04:54:23.762404259,-6.5217390
04:54:23.762716759,-5.6521740
04:54:23.763029259,-5.2173915
04:54:23.763341759,-6.5217390
04:54:23.763654259,-7.8260870
04:54:23.763966759,-6.5217390
04:54:23.764279259,-5.2173915
04:54:23.764591759,-6.5217390
04:54:23.764904259,-6.9565215
04:54:23.765216759,-6.0869560
04:54:23.765529259,-3.9130435
04:54:23.765841759,-3.0434780
04:54:23.766154259,-5.6521740
04:54:23.766466759,-6.0869560
04:54:23.766779259,-5.2173915
04:54:23.767091759,-3.0434780
04:54:23.767404259,-3.9130435
04:54:23.767716759,-3.4782608
04:54:23.768029259,-1.7391304
04:54:23.768341759,-1.3043479
04:54:23.768654259,-0.8695652
04:54:23.768966759,-0.8695652
04:54:23.769279259,0.4347826
04:54:23.769591759,0.4347826
04:54:23.769904259,0.0000000
04:54:23.770216759,1.3043479
04:54:23.770529259,1.7391304
04:54:23.770841759,1.3043479
04:54:23.771154259,2.6086957
04:54:23.771466759,2.6086957
04:54:23.771779259,3.4782608
04:54:23.772091759,3.9130435
04:54:23.772404259,3.4782608
04:54:23.772716759,3.9130435
04:54:23.773029259,4.7826085
04:54:23.773341759,5.6521740
04:54:23.773654259,5.6521740
04:54:23.773966759,5.2173915
04:54:23.774279259,4.7826085
04:54:23.774591759,5.2173915
04:54:23.774904259,4.7826085
04:54:23.775216759,4.7826085
04:54:23.775529259,4.7826085
04:54:23.775841759,3.0434780
04:54:23.776154259,4.7826085
04:54:23.776466759,4.7826085
04:54:23.776779259,3.4782608
04:54:23.777091759,2.6086957
04:54:23.777404259,2.6086957
04:54:23.777716759,0.8695652
04:54:23.778029259,1.7391304
04:54:23.778341759,0.4347826
04:54:23.778654259,0.0000000
04:54:23.778966759,-1.3043479
04:54:23.779279259,-1.7391304
04:54:23.779591759,-1.3043479
04:54:23.779904259,-2.1739130
04:54:23.780216759,-3.4782608
04:54:23.780529259,-3.4782608
04:54:23.780841759,-1.7391304
04:54:23.781154259,-4.3478260
04:54:23.781466759,-3.9130435
04:54:23.781779259,-4.3478260
04:54:23.782091759,-3.9130435
04:54:23.782404259,-6.0869560
04:54:23.782716759,-6.0869560
04:54:23.783029259,-5.6521740
04:54:23.783341759,-7.8260870
04:54:23.783654259,-7.8260870
04:54:23.783966759,-5.6521740
04:54:23.784279259,-5.6521740
04:54:23.784591759,-6.5217390
04:54:23.784904259,-6.5217390
04:54:23.785216759,-5.6521740
04:54:23.785529259,-3.9130435
04:54:23.785841759,-5.2173915
04:54:23.786154259,-3.9130435
04:54:23.786466759,-5.6521740
04:54:23.786779259,-4.3478260
04:54:23.787091759,-3.9130435
04:54:23.787404259,-3.9130435
04:54:23.787716759,-3.0434780
04:54:23.788029259,-3.0434780
04:54:23.788341759,-2.1739130
04:54:23.788654259,-0.8695652
04:54:23.788966759,-1.7391304
04:54:23.789279259,-0.8695652
04:54:23.789591759,0.4347826
04:54:23.789904259,0.4347826
04:54:23.790216759,0.8695652
04:54:23.790529259,1.3043479
04:54:23.790841759,1.3043479
04:54:23.791154259,2.6086957
04:54:23.791466759,2.6086957
04:54:23.791779259,3.0434780
04:54:23.792091759,2.6086957
04:54:23.792404259,3.4782608
04:54:23.792716759,3.4782608
04:54:23.793029259,5.2173915
04:54:23.793341759,5.6521740
04:54:23.793654259,5.6521740
04:54:23.793966759,5.6521740
04:54:23.794279259,4.7826085
04:54:23.794591759,5.2173915
04:54:23.794904259,5.2173915
04:54:23.795216759,3.4782608
04:54:23.795529259,3.0434780
04:54:23.795841759,2.6086957
04:54:23.796154259,3.4782608
04:54:23.796466759,3.9130435
04:54:23.796779259,3.0434780
04:54:23.797091759,1.3043479
04:54:23.797404259,3.0434780
04:54:23.797716759,1.3043479
04:54:23.798029259,1.7391304
04:54:23.798341759,1.3043479
04:54:23.798654259,0.0000000
04:54:23.798966759,-1.3043479
04:54:23.799279259,-1.7391304
04:54:23.799591759,-1.7391304
04:54:23.799904259,-3.0434780
04:54:23.800216759,-4.3478260
04:54:23.800529259,-4.3478260
04:54:23.800841759,-3.4782608
04:54:23.801154259,-3.9130435
04:54:23.801466759,-3.9130435
04:54:23.801779259,-4.3478260
04:54:23.802091759,-3.9130435
04:54:23.802404259,-6.0869560
04:54:23.802716759,-5.2173915
04:54:23.803029259,-5.6521740
04:54:23.803341759,-6.9565215
04:54:23.803654259,-6.9565215
04:54:23.803966759,-5.6521740
04:54:23.804279259,-5.6521740
04:54:23.804591759,-6.5217390
04:54:23.804904259,-5.6521740
04:54:23.805216759,-5.2173915
04:54:23.805529259,-4.3478260
04:54:23.805841759,-3.9130435
04:54:23.806154259,-4.3478260
04:54:23.806466759,-5.2173915
04:54:23.806779259,-4.3478260
04:54:23.807091759,-3.9130435
04:54:23.807404259,-3.9130435
04:54:23.807716759,-3.0434780
04:54:23.808029259,-3.0434780
04:54:23.808341759,-3.0434780
04:54:23.808654259,-1.3043479
04:54:23.808966759,-0.8695652
04:54:23.809279259,0.0000000
04:54:23.809591759,0.4347826
04:54:23.809904259,0.4347826
04:54:23.810216759,1.7391304
04:54:23.810529259,1.7391304
04:54:23.810841759,0.8695652
04:54:23.811154259,2.6086957
04:54:23.811466759,3.4782608
04:54:23.811779259,3.4782608
04:54:23.812091759,3.4782608
04:54:23.812404259,3.0434780
04:54:23.812716759,3.4782608
04:54:23.813029259,5.2173915
04:54:23.813341759,5.2173915
04:54:23.813654259,5.2173915
04:54:23.813966759,5.2173915
04:54:23.814279259,4.7826085
04:54:23.814591759,5.6521740
04:54:23.814904259,5.2173915
04:54:23.815216759,4.7826085
04:54:23.815529259,3.4782608
04:54:23.815841759,2.6086957
04:54:23.816154259,3.4782608
04:54:23.816466759,4.7826085
04:54:23.816779259,3.4782608
04:54:23.817091759,1.7391304
04:54:23.817404259,2.6086957
04:54:23.817716759,1.7391304
04:54:23.818029259,2.6086957
04:54:23.818341759,0.8695652
04:54:23.818654259,0.4347826
04:54:23.818966759,0.4347826
04:54:23.819279259,-1.7391304
04:54:23.819591759,-1.7391304
04:54:23.819904259,-0.8695652
04:54:23.820216759,-2.1739130
04:54:23.820529259,-3.4782608
04:54:23.820841759,-3.4782608
04:54:23.821154259,-5.6521740
04:54:23.821466759,-3.9130435
04:54:23.821779259,-3.9130435
04:54:23.822091759,-5.2173915
04:54:23.822404259,-5.6521740
04:54:23.822716759,-4.3478260
04:54:23.823029259,-6.0869560
04:54:23.823341759,-6.9565215
04:54:23.823654259,-7.8260870
04:54:23.823966759,-5.2173915
04:54:23.824279259,-4.3478260
04:54:23.824591759,-6.5217390
04:54:23.824904259,-6.0869560
04:54:23.825216759,-3.9130435
04:54:23.825529259,-4.3478260
04:54:23.825841759,-3.9130435
04:54:23.826154259,-3.9130435
04:54:23.826466759,-5.2173915
04:54:23.826779259,-3.0434780
04:54:23.827091759,-3.4782608
04:54:23.827404259,-3.9130435
04:54:23.827716759,-2.1739130
04:54:23.828029259,-3.0434780
04:54:23.828341759,-1.7391304
04:54:23.828654259,-1.7391304
04:54:23.828966759,-1.3043479
04:54:23.829279259,0.0000000
04:54:23.829591759,0.4347826
04:54:23.829904259,0.4347826
04:54:23.830216759,0.8695652
04:54:23.830529259,2.6086957
04:54:23.830841759,1.7391304
04:54:23.831154259,2.6086957
04:54:23.831466759,3.0434780
04:54:23.831779259,3.4782608
04:54:23.832091759,3.0434780
04:54:23.832404259,3.0434780
04:54:23.832716759,3.0434780
04:54:23.833029259,5.6521740
04:54:23.833341759,6.0869560
04:54:23.833654259,5.6521740
04:54:23.833966759,5.2173915
04:54:23.834279259,4.7826085
04:54:23.834591759,5.6521740
04:54:23.834904259,5.2173915
04:54:23.835216759,5.6521740
04:54:23.835529259,3.9130435
04:54:23.835841759,3.0434780
04:54:23.836154259,4.7826085
04:54:23.836466759,3.9130435
04:54:23.836779259,2.6086957
04:54:23.837091759,2.6086957
04:54:23.837404259,3.0434780
04:54:23.837716759,1.3043479
04:54:23.838029259,0.8695652
04:54:23.838341759,1.3043479
04:54:23.838654259,0.4347826
04:54:23.838966759,-0.8695652
04:54:23.839279259,0.0000000
04:54:23.839591759,-1.3043479
04:54:23.839904259,-1.7391304
04:54:23.840216759,-2.1739130
04:54:23.840529259,-3.4782608
04:54:23.840841759,-3.0434780
04:54:23.841154259,-4.3478260
04:54:23.841466759,-3.9130435
04:54:23.841779259,-5.6521740
04:54:23.842091759,-5.2173915
04:54:23.842404259,-4.3478260
04:54:23.842716759,-5.2173915
04:54:23.843029259,-6.0869560
04:54:23.843341759,-6.9565215
04:54:23.843654259,-6.0869560
